Agency,State,Months,Population,Violent crime total,Murder and nonnegligent Manslaughter,Forcible rape,Robbery,Aggravated assault,Property crime total,Burglary,Larceny-theft,Motor vehicle theft,Violent Crime rate,Murder and nonnegligent manslaughter rate,Forcible rape rate,Robbery rate,Aggravated assault rate,Property crime rate,Burglary rate,Larceny-theft rate,Motor vehicle theft rate,
Abilene Police Dept,TX,12,     110146,         679,           4,          64,         169,         442,       5933,       2223,       3487,         223,         616.5,           3.6,          58.1,         153.4,         401.3,       5386.5,       2018.2,       3165.8,         202.5
Ada County Sheriff Department,ID,12,,         117,           2,           8,           9,          98,       1727,         506,       1144,          77,,,,,,,,,
Aiken County Sheriff Department,SC,12,,         453,           9,          40,          60,         344,       2918,       1220,       1456,         242,,,,,,,,,
Akron City Police Dept,OH,12,     227158,       2012,          30,         150,         662,       1170,      14892,       3604,       9899,       1389,         885.7,          13.2,          66.0,         291.4,         515.1,       6555.8,       1586.6,       4357.8,         611.5
Alameda County Sheriff Department,CA,12,,         190,          10,          10,          96,          74,       3423,       1105,       1917,         401,,,,,,,,,
Albemarle County Police Department,VA,12,,         114,           2,          13,          19,          80,       1902,         369,       1401,         132,,,,,,,,,
Albuquerque Police Dept,NM,12,     378176,       4275,          49,         190,         928,       3108,      34697,      11042,      20950,       2705,       1130.4,          13.0,          50.2,         245.4,         821.8,       9174.8,       2919.8,       5539.7,         715.3
Alexandria Police Dept,VA,12,     109583,         749,           6,          53,         434,         256,       6746,       1359,       4246,       1141,         683.5,           5.5,          48.4,         396.0,         233.6,       6156.1,       1240.2,       3874.7,       1041.2
Allentown City Police Dept,PA,12,     106273,         476,          11,          48,         194,         223,       5493,       1338,       3726,         429,         447.9,          10.4,          45.2,         182.5,         209.8,       5168.8,       1259.0,       3506.1,         403.7
Amarillo Police Dept,TX,12,     167091,         923,          16,          58,         258,         591,      12467,       3532,       8367,         568,         552.4,           9.6,          34.7,         154.4,         353.7,       7461.2,       2113.8,       5007.5,         339.9
Amherst Town Police Dept,NY,12,     103526,         249,           0,          10,          74,         165,       2884,         497,       2163,         224,         240.5,            .0,           9.7,          71.5,         159.4,       2785.8,         480.1,       2089.3,         216.4
Anaheim Police Dept,CA,12,     251045,       1442,          19,         107,         620,         696,      16807,       4805,       9344,       2658,         574.4,           7.6,          42.6,         247.0,         277.2,       6694.8,       1914.0,       3722.0,       1058.8
Anchorage Police Dept,AK,12,     217429,       1122,          13,         159,         281,         669,      11412,       1890,       8340,       1182,         516.0,           6.0,          73.1,         129.2,         307.7,       5248.6,         869.2,       3835.7,         543.6
Anderson County Sheriff Department,SC,12,,         453,          10,          24,          63,         356,       3346,       1406,       1677,         263,,,,,,,,,
Ann Arbor Police Dept,MI,12,     109724,         875,           0,          66,         213,         596,       8643,       1671,       6523,         449,         797.5,            .0,          60.2,         194.1,         543.2,       7877.0,       1522.9,       5944.9,         409.2
Anne Arundel County Police Department,MD,12,,         963,          11,          64,         289,         599,      13812,       3324,       9062,       1426,,,,,,,,,
Antioch Police Dept,CA,12,      52405,         370,           3,          21,          80,         266,       3433,         938,       2210,         285,         706.0,           5.7,          40.1,         152.7,         507.6,       6550.9,       1789.9,       4217.2,         543.8
Arlington Police Dept,TX,12,     251712,       1388,          13,         110,         568,         697,      20234,       4968,      12783,       2483,         551.4,           5.2,          43.7,         225.7,         276.9,       8038.6,       1973.7,       5078.4,         986.4
Arlington County Police Department,VA,12,     161582,         676,           5,          48,         351,         272,       8732,       1282,       6364,       1086,         418.4,           3.1,          29.7,         217.2,         168.3,       5404.1,         793.4,       3938.6,         672.1
Arvada Police Dept,CO,12,      92408,         351,           3,          14,          28,         306,       3073,         847,       2059,         167,         379.8,           3.2,          15.2,          30.3,         331.1,       3325.5,         916.6,       2228.2,         180.7
Athens-Clarke County Police Department,GA,12,      43661,         277,           2,          33,          79,         163,       1838,         822,         888,         128,         634.4,           4.6,          75.6,         180.9,         373.3,       4209.7,       1882.7,       2033.9,         293.2
Atlanta Police Dept,GA,12,     444995,      15911,         217,         721,       5972,       9001,      62176,      15556,      37306,       9314,       3575.5,          48.8,         162.0,       1342.0,       2022.7,      13972.3,       3495.8,       8383.5,       2093.1
Aurora Police Dept,CO,12,     219404,       2625,          15,         127,         462,       2021,      14619,       3495,       9975,       1149,       1196.4,           6.8,          57.9,         210.6,         921.1,       6663.1,       1593.0,       4546.4,         523.7
Aurora Police Dept,IL,12,      88994,,          12,,         196,         417,       6395,       1766,       4333,         296,,          13.5,,         220.2,         468.6,       7185.9,       1984.4,       4868.9,         332.6
Austin Police Dept,TX,12,     467423,       2508,          43,         247,       1018,       1200,      48165,      11990,      34056,       2119,         536.6,           9.2,          52.8,         217.8,         256.7,      10304.4,       2565.1,       7285.9,         453.3
Bakersfield Police Dept,CA,12,     156340,       1760,          22,          70,         656,       1012,      13968,       4330,       8490,       1148,       1125.8,          14.1,          44.8,         419.6,         647.3,       8934.4,       2769.6,       5430.5,         734.3
Baltimore City Police Dept,MD,12,     763880,      14721,         234,         517,       7396,       6574,      55300,      14251,      32606,       8443,       1927.1,          30.6,          67.7,         968.2,         860.6,       7239.4,       1865.6,       4268.5,       1105.3
Baltimore County Police Department,MD,12,,       6515,          24,         190,       1656,       4645,      36081,       8348,      23184,       4549,,,,,,,,,
Baton Rouge Police Dept,LA,12,     238297,       3954,          24,         119,         776,       3035,      24465,       7042,      15269,       2154,       1659.3,          10.1,          49.9,         325.6,       1273.6,      10266.6,       2955.1,       6407.6,         903.9
Beaufort County Sheriff Office,SC,12,,         496,           9,          36,          48,         403,       4120,       1404,       2524,         192,,,,,,,,,
Beaumont Police Dept,TX,12,     117129,       1409,          11,         141,         560,         697,      11267,       3812,       6672,         783,       1202.9,           9.4,         120.4,         478.1,         595.1,       9619.3,       3254.5,       5696.3,         668.5
Bellevue Police Dept,WA,12,      84133,         174,           1,          27,          42,         104,       5322,       1003,       4064,         255,         206.8,           1.2,          32.1,          49.9,         123.6,       6325.7,       1192.2,       4830.4,         303.1
Berkeley Police Dept,CA,12,     107267,       1195,          14,          44,         613,         524,      12422,       2840,       8280,       1302,       1114.0,          13.1,          41.0,         571.5,         488.5,      11580.4,       2647.6,       7719.1,       1213.8
Berkeley County Sheriff Office,SC,12,,         286,           8,          34,          47,         197,       3168,       1014,       1968,         186,,,,,,,,,
Bernalillo County Sheriff Department,NM,1,,          36,           2,           3,           7,          24,         358,         186,         149,          23,,,,,,,,,
Bexar County Sheriff Office,TX,12,,         485,          15,         113,          92,         265,       9420,       3146,       5119,       1155,,,,,,,,,
Billings Police Dept,MT,12,      78490,         133,           4,          29,          56,          44,       5810,       1088,       4476,         246,         169.4,           5.1,          36.9,          71.3,          56.1,       7402.2,       1386.2,       5702.6,         313.4
Birmingham Police Dept,AL,12,     283237,       3419,          92,         246,       1292,       1789,      22978,       6783,      13235,       2960,       1207.1,          32.5,          86.9,         456.2,         631.6,       8112.6,       2394.8,       4672.8,       1045.1
Boise Police Dept,ID,12,     109484,         391,           5,          39,          53,         294,       6249,       1638,       4338,         273,         357.1,           4.6,          35.6,          48.4,         268.5,       5707.7,       1496.1,       3962.2,         249.4
Boston Police Dept,MA,12,     579921,      12175,          93,         558,       5233,       6291,      54403,       9163,      28542,      16698,       2099.4,          16.0,          96.2,         902.4,       1084.8,       9381.1,       1580.0,       4921.7,       2879.4
Boulder Police Dept,CO,12,      77191,         182,           1,          15,          31,         135,       5319,         866,       4190,         263,         235.8,           1.3,          19.4,          40.2,         174.9,       6890.7,       1121.9,       5428.1,         340.7
Brazoria County Sheriff Department,TX,12,,         100,           1,           2,          18,          79,       1220,         521,         611,          88,,,,,,,,,
Bridgeport Police Dept,CT,12,     142631,       2100,          43,          90,       1046,         921,      12566,       3622,       5431,       3513,       1472.3,          30.1,          63.1,         733.4,         645.7,       8810.1,       2539.4,       3807.7,       2463.0
Broken Arrow Police Dept,OK,12,      49725,         121,           0,          12,          27,          82,       1851,         528,       1208,         115,         243.3,            .0,          24.1,          54.3,         164.9,       3722.5,       1061.8,       2429.4,         231.3
Brownsville Police Dept,TX,12,     104579,       1404,           9,          84,         205,       1106,       9163,       2490,       5323,       1350,       1342.5,           8.6,          80.3,         196.0,       1057.6,       8761.8,       2381.0,       5089.9,       1290.9
Buffalo Police Dept,NY,12,     323714,       4271,          43,         296,       1774,       2158,      21211,       7384,      10774,       3053,       1319.4,          13.3,          91.4,         548.0,         666.6,       6552.4,       2281.0,       3328.2,         943.1
Buncombe County Sheriff Department,NC,12,,          83,           2,           8,          21,          52,       2208,         884,       1151,         173,,,,,,,,,
Burbank Police Dept,CA,12,      93030,         408,           9,          19,         162,         218,       3585,         762,       1858,         965,         438.6,           9.7,          20.4,         174.1,         234.3,       3853.6,         819.1,       1997.2,       1037.3
Cambridge Police Dept,MA,11,      91944,         746,           6,          21,         364,         355,       5084,       1239,       2779,       1066,,,,,,,,,
Cameron County Sheriff Department,TX,12,,         162,          18,           5,          27,         112,       1513,         939,         471,         103,,,,,,,,,
Carslbad Police Dept,CA,12,      53716,         313,           3,          18,          86,         206,       2997,         757,       1695,         545,         582.7,           5.6,          33.5,         160.1,         383.5,       5579.3,       1409.3,       3155.5,       1014.6
Carrollton Police Dept,TX,12,      65206,         178,           4,          12,          68,          94,       4959,       1383,       3220,         356,         273.0,           6.1,          18.4,         104.3,         144.2,       7605.1,       2121.0,       4938.2,         546.0
Cary Police Dept,NC,12,      32739,          48,           1,           6,           9,          32,       1287,         229,       1001,          57,         146.6,           3.1,          18.3,          27.5,          97.7,       3931.1,         699.5,       3057.5,         174.1
Cedar Rapids Police Dept,IA,12,     108860,         159,           2,           6,          82,          69,       7488,       1440,       5687,         361,         146.1,           1.8,           5.5,          75.3,          63.4,       6878.6,       1322.8,       5224.1,         331.6
Chandler Police Dept,AZ,12,      72619,         199,           2,          25,          55,         117,       5138,       1094,       3732,         312,         274.0,           2.8,          34.4,          75.7,         161.1,       7075.3,       1506.5,       5139.2,         429.6
Charles County Sheriff Office,MD,12,,         445,           5,          17,          55,         368,       3212,         799,       2090,         323,,,,,,,,,
Charleston City Police Dept,SC,12,      71971,         672,           9,          47,         141,         475,       3902,         871,       2794,         237,         933.7,          12.5,          65.3,         195.9,         660.0,       5421.6,       1210.2,       3882.1,         329.3
Charlotte-Mecklenburg Police Department,NC,12,     370492,       6815,          46,         315,       1933,       4521,      37164,      10605,      24236,       2323,       1839.4,          12.4,          85.0,         521.7,       1220.3,      10031.0,       2862.4,       6541.6,         627.0
Chattanooga Police Dept,TN,12,     166045,       2435,          22,         161,         559,       1693,      12657,       3956,       7082,       1619,       1466.5,          13.2,          97.0,         336.7,       1019.6,       7622.6,       2382.5,       4265.1,         975.0
Cherokee County Sheriff Department,GA,12,,         103,           4,          10,          12,          77,       1497,         525,         819,         153,,,,,,,,,
Chesapeake Police Dept,VA,12,     143707,         534,          12,          21,         225,         276,       6469,       1846,       4122,         501,         371.6,           8.4,          14.6,         156.6,         192.1,       4501.5,       1284.6,       2868.3,         348.6
Chesterfield County Police Department,VA,12,,         238,           2,          59,          93,          84,       7384,       1545,       5463,         376,,,,,,,,,
Chicago Police Dept,IL,12,   2994100,,         660,,      28975,      35988,     225656,      52060,     128584,      45012,,          22.0,,         967.7,       1202.0,       7536.7,       1738.8,       4294.6,       1503.4
Chula Vista Police Dept,CA,12,     125662,       1072,           8,          45,         273,         746,       9655,       2069,       4817,       2769,         853.1,           6.4,          35.8,         217.2,         593.7,       7683.3,       1646.5,       3833.3,       2203.5
Cincinnati Police Dept,OH,12,     377783,       3199,          47,         296,       1211,       1645,      24351,       5856,      17020,       1475,         846.8,          12.4,          78.4,         320.6,         435.4,       6445.8,       1550.1,       4505.2,         390.4
Clackamas County Sheriff Department,OR,12,,         254,           9,          28,         140,          77,       7218,       2632,       4148,         438,,,,,,,,,
Clark County Sheriff Department,WA,12,,         259,           3,          53,          71,         132,       6410,       1941,       3910,         559,,,,,,,,,
Clarksville Police Dept,TN,12,      63491,         299,           4,          27,          49,         219,       2749,         729,       1847,         173,         470.9,           6.3,          42.5,          77.2,         344.9,       4329.7,       1148.2,       2909.1,         272.5
Clayton County Police Department,GA,12,,         628,           6,          52,         210,         360,       8459,       2258,       5345,         856,,,,,,,,,
Cleveland,OH,12,     544515,       7333,         137,         844,       3795,       2557,      37498,      12052,      15471,       9975,       1346.7,          25.2,         155.0,         697.0,         469.6,       6886.5,       2213.3,       2841.2,       1831.9
Cobb County Police Department,GA,12,,         885,          21,         104,         389,         371,      13958,       4095,       8239,       1624,,,,,,,,,
Colorado Springs,CO,12,     278944,       1293,          10,         189,         337,         757,      20881,       5010,      14222,       1649,         463.5,           3.6,          67.8,         120.8,         271.4,       7485.7,       1796.1,       5098.5,         591.2
Columbia County Sheriff Department,GA,12,,         117,           3,          14,          35,          65,       1225,         438,         711,          76,,,,,,,,,
Columbia Police Dept,MO,12,      64183,         225,           2,          18,          51,         154,       3988,         740,       3097,         151,         350.6,           3.1,          28.0,          79.5,         239.9,       6213.5,       1153.0,       4825.3,         235.3
Columbia Police Dept,SC,12,      97609,       1738,           8,          85,         448,       1197,      11670,       2793,       7887,         990,       1780.6,           8.2,          87.1,         459.0,       1226.3,      11955.9,       2861.4,       8080.2,       1014.3
Columbus Police Dept,GA,12,     182276,         890,          21,          66,         449,         354,      10573,       3053,       6851,         669,         488.3,          11.5,          36.2,         246.3,         194.2,       5800.5,       1674.9,       3758.6,         367.0
Columbus Police Dept,OH,12,     588428,       5802,          69,         594,       3028,       2111,      50967,      15483,      29742,       5742,         986.0,          11.7,         100.9,         514.6,         358.8,       8661.6,       2631.2,       5054.5,         975.8
Concord Police Dept,CA,12,     110878,         478,           5,          31,         113,         329,       6595,       1331,       4543,         721,         431.1,           4.5,          28.0,         101.9,         296.7,       5948.0,       1200.4,       4097.3,         650.3
Contra Costa County Sheriff Department,CA,12,,         522,          17,          39,         133,         333,       5379,       2011,       3362,           6,,,,,,,,,
Cook County Sheriff Department,IL,12,,,           4,,          60,         200,       4744,       1364,       2833,         547,,,,,,,,,
Corona Police Dept,CA,12,      50229,         355,           3,          12,         115,         225,       4467,       1385,       2358,         724,         706.8,           6.0,          23.9,         229.0,         447.9,       8893.3,       2757.4,       4694.5,       1441.4
Corpus Christi Police Dept,TX,12,     261984,       2001,          26,         171,         510,       1294,      26363,       7999,      17096,       1268,         763.8,           9.9,          65.3,         194.7,         493.9,      10062.8,       3053.2,       6525.6,         484.0
Costa Mesa Police Dept,CA,12,      92052,         488,           4,          28,         132,         324,       6714,       1393,       4465,         856,         530.1,           4.3,          30.4,         143.4,         352.0,       7293.7,       1513.3,       4850.5,         929.9
Dallas Police Dept,TX,12,   1017818,      21135,         366,       1306,       9647,       9816,     149267,      42543,      82366,      24358,       2076.5,          36.0,         128.3,         947.8,         964.4,      14665.4,       4179.8,       8092.4,       2393.2
Daly City Police Dept,CA,12,      85660,         202,           0,          10,          92,         100,       2865,         370,       2140,         355,         235.8,            .0,          11.7,         107.4,         116.7,       3344.6,         431.9,       2498.2,         414.4
Davenport Police Dept,IA,12,      98226,         859,           2,          75,         129,         653,       6304,       1708,       4392,         204,         874.5,           2.0,          76.4,         131.3,         664.8,       6417.9,       1738.8,       4471.3,         207.7
Davidson County Sheriff Department,NC,12,,          83,           5,           7,          18,          53,       1502,         691,         684,         127,,,,,,,,,
Dayton,OH,12,     184362,       2936,          44,         264,       1648,         980,      17252,       4782,      10502,       1968,       1592.5,          23.9,         143.2,         893.9,         531.6,       9357.7,       2593.8,       5696.4,       1067.5
Dekalb County Public Safety Department,GA,12,,       2679,          47,         286,       1670,         676,      40646,      10295,      24992,       5359,,,,,,,,,
Denton Police Dept,TX,12,      60704,         456,           4,          26,         104,         322,       5810,       1594,       3929,         287,         751.2,           6.6,          42.8,         171.3,         530.4,       9571.0,       2625.9,       6472.4,         472.8
Denver Police Dept,CO,12,     500555,       3634,          69,         370,       1393,       1802,      37867,      11545,      21344,       4978,         726.0,          13.8,          73.9,         278.3,         360.0,       7565.0,       2306.4,       4264.1,         994.5
Des Moines Police Dept,IA,12,     194148,       1450,          13,          64,         385,         988,      17746,       3227,      13711,         808,         746.9,           6.7,          33.0,         198.3,         508.9,       9140.4,       1662.1,       7062.1,         416.2
Detroit Police Dept,MI,12,   1086714,      25805,         629,       1447,      12978,      10751,     105529,      32147,      43259,      30123,       2374.6,          57.9,         133.2,       1194.2,         989.3,       9710.8,       2958.2,       3980.7,       2771.9
Douglas County Sheriff Department,CO,12,,          65,           2,          11,           1,          51,         934,         265,         610,          59,,,,,,,,,
Douglas County Sheriff Office,NE,11,,          27,           1,           4,           9,          13,       1489,         331,       1089,          69,,,,,,,,,
Downey Police Dept,CA,12,      89116,         442,           5,          22,         262,         153,       3781,         863,       2043,         875,         496.0,           5.6,          24.7,         294.0,         171.7,       4242.8,         968.4,       2292.5,         981.9
Durham Police Dept,NC,12,     117713,         701,          16,          77,         316,         292,      10036,       3350,       6084,         602,         595.5,          13.6,          65.4,         268.4,         248.1,       8525.8,       2845.9,       5168.5,         511.4
Dutchess County Sheriff Office,NY,12,,         166,           0,           5,          15,         146,       1113,         336,         716,          61,,,,,,,,,
East Baton Rouge Parish Sheriff Dept,LA,12,,         591,          11,          22,         108,         450,       8089,       2217,       5395,         477,,,,,,,,,
Edison Twp Police Dept,NJ,12,      83609,         115,           1,           8,          35,          71,       2910,         475,       1929,         506,         137.5,           1.2,           9.6,          41.9,          84.9,       3480.5,         568.1,       2307.2,         605.2
El Cajon Police Dept,CA,12,      89308,         523,           6,          31,         132,         354,       6362,       1453,       3448,       1461,         585.6,           6.7,          34.7,         147.8,         396.4,       7123.7,       1627.0,       3860.8,       1635.9
El Dorado County Sheriff Department,CA,12,,         172,           5,          11,          20,         136,       2291,       1079,       1190,          22,,,,,,,,,
El Monte Police Dept,CA,12,     100859,       1317,           8,          64,         513,         732,       5297,       1538,       2251,       1508,       1305.8,           7.9,          63.5,         508.6,         725.8,       5251.9,       1524.9,       2231.8,       1495.2
El Paso County,CO,12,,         203,           8,          18,          23,         154,       2602,         942,       1496,         164,,,,,,,,,
El Paso County Sheriff Department,TX,12,,         215,           4,          34,          33,         144,       1978,         721,       1102,         155,,,,,,,,,
El Paso Police Dept,TX,12,     501544,       4505,          31,         242,       1088,       3144,      46475,      12163,      29368,       4944,         898.2,           6.2,          48.3,         216.9,         626.9,       9266.4,       2425.1,       5855.5,         985.8
Elgin Police Dept,IL,12,      74620,,           8,,         120,         252,       4364,       1284,       2861,         219,,          10.7,,         160.8,         337.7,       5848.3,       1720.7,       3834.1,         293.5
Elizabeth Police Dept,NJ,12,     106883,       1338,          12,          50,         751,         525,       8903,       1569,       4282,       3052,       1251.8,          11.2,          46.8,         702.6,         491.2,       8329.7,       1468.0,       4006.2,       2855.5
Elkhart County Sheriff Department,IN,12,,         241,           0,          14,          17,         210,       2023,         560,       1345,         118,,,,,,,,,
Erie County Sheriff Office,NY,12,,         244,           0,           9,          23,         212,       1835,         299,       1429,         107,,,,,,,,,
Erie Police Dept,PA,12,     115937,         697,           1,          49,         332,         315,       5095,       1366,       3405,         324,         601.2,            .9,          42.3,         286.4,         271.7,       4394.6,       1178.2,       2936.9,         279.5
Escondido Police Dept,CA,12,      88346,         495,           6,          35,         132,         322,       6804,       1489,       4293,       1022,         560.3,           6.8,          39.6,         149.4,         364.5,       7701.5,       1685.4,       4859.3,       1156.8
Eugene Police Dept,OR,12,     106684,         361,           1,          44,         166,         150,       8531,       1916,       6175,         440,         338.4,            .9,          41.2,         155.6,         140.6,       7996.5,       1796.0,       5788.1,         412.4
Evansville Police Dept,IN,12,     129798,         656,           7,          43,         103,         503,       6338,       1677,       4342,         319,         505.4,           5.4,          33.1,          79.4,         387.5,       4883.0,       1292.0,       3345.2,         245.8
Everett Police Dept,WA,12,      63952,         245,           2,          56,         115,          72,       5866,       1598,       3827,         441,         383.1,           3.1,          87.6,         179.8,         112.6,       9172.5,       2498.7,       5984.2,         689.6
Fairfax County Police Department,VA,12,,         986,          23,          77,         548,         338,      25489,       3323,      19647,       2519,,,,,,,,,
Fairfield Police Dept,CA,12,      72830,         613,           3,          37,         111,         462,       5022,         980,       3586,         456,         841.7,           4.1,          50.8,         152.4,         634.4,       6895.5,       1345.6,       4923.8,         626.1
Fargo Police Dept,ND,12,      68082,          76,           1,          23,          23,          29,       3721,         559,       2967,         195,         111.6,           1.5,          33.8,          33.8,          42.6,       5465.5,         821.1,       4358.0,         286.4
Fayetteville Police Dept,NC,12,      77116,       1207,          10,          67,         291,         839,       8126,       2255,       5386,         485,       1565.2,          13.0,          86.9,         377.4,       1088.0,      10537.4,       2924.2,       6984.3,         628.9
Flint City Police Dept,MI,12,     147247,       4024,          44,         275,       1177,       2528,      17215,       6046,       8783,       2386,       2732.8,          29.9,         186.8,         799.3,       1716.8,      11691.2,       4106.0,       5964.8,       1620.4
Fontana Police Dept,CA,12,      59647,         680,           4,          88,         166,         422,       5073,       1297,       2927,         849,       1140.0,           6.7,         147.5,         278.3,         707.5,       8505.0,       2174.5,       4907.2,       1423.4
Forsyth County Sheriff Department,GA,12,,          55,           3,           3,           1,          48,       1374,         349,         920,         105,,,,,,,,,
Fort Bend County Sheriff Department,TX,12,,         118,           6,          12,          37,          63,       2513,         985,       1286,         242,,,,,,,,,
Fort Collins Police Dept,CO,12,      76077,         343,           1,          38,          16,         288,       4523,         869,       3512,         142,         450.9,           1.3,          49.9,          21.0,         378.6,       5945.3,       1142.3,       4616.4,         186.7
Fort Wayne Police Dept,IN,12,     178214,       1086,          11,          79,         597,         399,      15534,       3527,      11053,         954,         609.4,           6.2,          44.3,         335.0,         223.9,       8716.5,       1979.1,       6202.1,         535.3
City Of Fort Worth Police Dept,TX,12,     432889,       7326,          97,         489,       3115,       3625,      66936,      19106,      38473,       9357,       1692.4,          22.4,         113.0,         719.6,         837.4,      15462.6,       4413.6,       8887.5,       2161.5
Frederick County Sheriff Department,MD,12,,          85,           3,           8,          12,          62,         445,          97,         319,          29,,,,,,,,,
Fremont Police Dept,CA,12,     158236,         832,           2,          24,         112,         694,       5636,       1390,       3715,         531,         525.8,           1.3,          15.2,          70.8,         438.6,       3561.8,         878.4,       2347.8,         335.6
Fresno County Sheriff Department,CA,12,,       1325,          19,         101,         146,       1059,       6916,       3009,       3362,         545,,,,,,,,,
Fresno Police Dept,CA,12,     294695,       3997,          39,         231,       1393,       2334,      30078,       7632,      18215,       4231,       1356.3,          13.2,          78.4,         472.7,         792.0,      10206.5,       2589.8,       6181.0,       1435.7
Frisco Police Dept,TX,12,       5183,          31,           0,           1,           1,          29,         189,          55,         128,           6,         598.1,            .0,          19.3,          19.3,         559.5,       3646.5,       1061.2,       2469.6,         115.8
Fullerton Police Dept,CA,12,     113410,         538,           6,          46,         205,         281,       6732,       1426,       4274,       1032,         474.4,           5.3,          40.6,         180.8,         247.8,       5936.0,       1257.4,       3768.6,         910.0
Garden Grove Police Dept,CA,12,     140628,         909,           8,          51,         377,         473,       9084,       2086,       5405,       1593,         646.4,           5.7,          36.3,         268.1,         336.3,       6459.6,       1483.3,       3843.5,       1132.8
Garland Police Dept,TX,12,     179014,         583,           8,          82,         208,         285,      10649,       3415,       6433,         801,         325.7,           4.5,          45.8,         116.2,         159.2,       5948.7,       1907.7,       3593.6,         447.5
Gilbert Police Dept,AZ,12,      13806,          48,           0,           4,           8,          36,       1009,         226,         713,          70,         347.7,            .0,          29.0,          57.9,         260.8,       7308.4,       1637.0,       5164.4,         507.0
Glendale Police Dept,AZ,12,     133932,         980,          12,          72,         199,         697,      12368,       2929,       8532,         907,         731.7,           9.0,          53.8,         148.6,         520.4,       9234.5,       2186.9,       6370.4,         677.2
Glendale Police Dept,CA,12,     160402,         482,           6,          32,         222,         222,       8159,       1610,       4919,       1630,         300.5,           3.7,          19.9,         138.4,         138.4,       5086.6,       1003.7,       3066.7,       1016.2
Grand Prairie Police Dept,TX,12,      97194,         660,           7,          48,         238,         367,       7984,       2081,       4757,       1146,         679.1,           7.2,          49.4,         244.9,         377.6,       8214.5,       2141.1,       4894.3,       1179.1
Grand Rapids Police Dept,MI,12,     190343,       2317,          24,         307,         498,       1488,      13320,       3728,       8347,       1245,       1217.3,          12.6,         161.3,         261.6,         781.7,       6997.9,       1958.6,       4385.2,         654.1
Green Bay Police Dept,WI,12,      95081,         330,           2,          40,          21,         267,       4291,         593,       3562,         136,         347.1,           2.1,          42.1,          22.1,         280.8,       4513.0,         623.7,       3746.3,         143.0
Greensboro Police Dept,NC,12,     182802,       1286,          16,          93,         352,         825,      11854,       2861,       8391,         602,         703.5,           8.8,          50.9,         192.6,         451.3,       6484.6,       1565.1,       4590.2,         329.3
Greenville County Sheriff Office,SC,12,,       1193,          16,          74,         235,         868,       9525,       3241,       5641,         643,,,,,,,,,
Gresham Police Dept,OR,12,      38904,         263,           3,          19,         123,         118,       3632,       1072,       2015,         545,         676.0,           7.7,          48.8,         316.2,         303.3,       9335.8,       2755.5,       5179.4,       1400.9
Guilford County Sheriff Office,NC,12,,          81,           0,           0,           4,          77,       2496,         899,       1469,         128,,,,,,,,,
Gwinnett County Police Department,GA,12,,         606,           1,          60,         154,         391,      12656,       3133,       8433,       1090,,,,,,,,,
Hall County Sheriff Department,GA,12,,         226,           4,          16,          25,         181,       2983,         814,       1882,         287,,,,,,,,,
Hamilton County Sheriff Department,OH,12,,         333,           3,          43,         121,         166,       7770,       1152,       6203,         415,,,,,,,,,
Hamilton County Sheriff Office,TN,12,,         107,           4,           8,           8,          87,       1076,         463,         547,          66,,,,,,,,,
Hampton Police Dept,VA,12,     129997,         454,           6,          46,         204,         198,       6743,       1305,       5045,         393,         349.2,           4.6,          35.4,         156.9,         152.3,       5187.0,       1003.9,       3880.9,         302.3
Harford County Sheriff Office,MD,12,,         315,           5,          14,          37,         259,       2876,         862,       1852,         162,,,,,,,,,
Harris County Sheriff Office,TX,12,,       3121,          68,         236,       1275,       1542,      40510,      15543,      18346,       6621,,,,,,,,,
Hartford Police Dept,CT,12,     141180,       2975,          37,         160,       1328,       1450,      17314,       4947,       9842,       2525,       2107.2,          26.2,         113.3,         940.6,       1027.1,      12263.8,       3504.0,       6971.2,       1788.5
Hayward Police Dept,CA,12,     104598,         744,           8,          43,         214,         479,       6515,       1586,       4315,         614,         711.3,           7.6,          41.1,         204.6,         457.9,       6228.6,       1516.3,       4125.3,         587.0
Henderson Police Dept,NV,12,      52038,         111,           1,          28,          38,          44,       1735,         524,       1047,         164,         213.3,           1.9,          53.8,          73.0,          84.6,       3334.1,       1007.0,       2012.0,         315.2
Henrico County Police Dept,VA,12,,         473,          14,          44,         177,         238,       8663,       1766,       6213,         684,,,,,,,,,
Hidalgo County Sheriff Department,TX,12,,         311,          10,          36,          28,         237,       3286,       1841,       1215,         230,,,,,,,,,
High Point Police Dept,NC,12,      68878,         612,           7,          34,         137,         434,       4763,       1409,       3104,         250,         888.5,          10.2,          49.4,         198.9,         630.1,       6915.1,       2045.6,       4506.5,         363.0
Honolulu Police Dept,HI,12,     838656,       2186,          28,         283,         833,       1042,      47283,       9811,      34227,       3245,         260.7,           3.3,          33.7,          99.3,         124.2,       5637.9,       1169.8,       4081.2,         386.9
Horry County Police Department,SC,12,,         486,          10,          31,          83,         362,       4667,       1359,       2975,         333,,,,,,,,,
Houston Police Dept,TX,12,   1725421,      19817,         440,       1206,      10049,       8122,     158095,      50178,      77492,      30425,       1148.5,          25.5,          69.9,         582.4,         470.7,       9162.7,       2908.2,       4491.2,       1763.3
Howard County Police Department,MD,12,,         454,           2,          43,         102,         307,       7262,       1642,       4877,         743,,,,,,,,,
Huntington Beach Police Dept,CA,12,     191487,         572,           5,          43,         154,         370,       9068,       2377,       5767,         924,         298.7,           2.6,          22.5,          80.4,         193.2,       4735.6,       1241.3,       3011.7,         482.5
Huntsville Police Dept,AL,12,     163618,         910,          15,          83,         225,         587,      12958,       2447,       9999,         512,         556.2,           9.2,          50.7,         137.5,         358.8,       7919.7,       1495.6,       6111.2,         312.9
Independence Police Dept,MO,12,     114035,         473,           4,          25,         118,         326,       7033,       1879,       4568,         586,         414.8,           3.5,          21.9,         103.5,         285.9,       6167.4,       1647.7,       4005.8,         513.9
Indianapolis Police Dept,IN,12,     483187,       5635,          79,         422,       1464,       3670,      24049,       7714,      12758,       3577,       1166.2,          16.3,          87.3,         303.0,         759.5,       4977.2,       1596.5,       2640.4,         740.3
Inglewood Police Dept,CA,12,     107049,       1833,          30,          92,         965,         746,       6000,       1722,       2432,       1846,       1712.3,          28.0,          85.9,         901.5,         696.9,       5604.9,       1608.6,       2271.9,       1724.4
Iredell County Sheriff Department,NC,12,,          80,           3,           8,          15,          54,       1033,         529,         392,         112,,,,,,,,,
Irvine Police Department,CA,12,      92230,         144,           1,          13,          39,          91,       3857,         886,       2614,         357,         156.1,           1.1,          14.1,          42.3,          98.7,       4181.9,         960.6,       2834.2,         387.1
Irving Police Dept,TX,12,     130353,         678,           6,          74,         279,         319,      12902,       2849,       8746,       1307,         520.1,           4.6,          56.8,         214.0,         244.7,       9897.7,       2185.6,       6709.5,       1002.7
Jackson Police Dept,MS,12,     206993,       1654,          48,         153,         631,         822,      14813,       5517,       8431,         865,         799.1,          23.2,          73.9,         304.8,         397.1,       7156.3,       2665.3,       4073.1,         417.9
Jefferson County Sheriff Department,AL,12,,       1131,          13,          48,         127,         943,       5272,       1968,       2815,         489,,,,,,,,,
Jefferson County Sheriff Department,CO,12,,         135,           5,          13,          45,          72,       5737,       1505,       3946,         286,,,,,,,,,
Jefferson County Sheriff Department,MO,5,,          80,           4,          11,          14,          51,       1055,         480,         497,          78,,,,,,,,,
Jefferson Parish Sheriff Department,LA,12,,       2677,          13,         156,       1020,       1488,      25864,       6885,      16457,       2522,,,,,,,,,
Jersey City Police Dept,NJ,12,     218492,       3763,          23,         114,       2270,       1356,      16769,       4120,       8015,       4634,       1722.3,          10.5,          52.2,       1038.9,         620.6,       7674.9,       1885.7,       3668.3,       2120.9
Johnston County Sheriff Department,NC,12,,          52,           7,           7,          19,          19,       1400,         615,         663,         122,,,,,,,,,
Joliet,IL,12,      77277,,          13,,         323,         618,       7091,       1725,       4716,         650,,          16.8,,         418.0,         799.7,       9176.1,       2232.2,       6102.7,         841.1
Kansas City Police Dept,KS,12,     162270,       2251,          37,         146,         730,       1338,      14662,       5084,       8057,       1521,       1387.2,          22.8,          90.0,         449.9,         824.6,       9035.6,       3133.0,       4965.2,         937.3
Kansas City Police Dept,MO,12,     447461,       8316,         134,         473,       3479,       4230,      45171,      13409,      24578,       7184,       1858.5,          29.9,         105.7,         777.5,         945.3,      10095.0,       2996.7,       5492.8,       1605.5
Kent County Sheriff Office,MI,12,,         197,           1,          40,          15,         141,       3224,         666,       2326,         232,,,,,,,,,
Kent Police Dept,WA,12,      30061,         132,           2,          24,          58,          48,       3410,         801,       2329,         280,         439.1,           6.7,          79.8,         192.9,         159.7,      11343.6,       2664.6,       7747.6,         931.4
Kern County Sheriff Department,CA,12,,       2133,          40,         138,         459,       1496,      13897,       4753,       8187,         957,,,,,,,,,
Killeen Police Dept,TX,12,      60054,         271,           8,          53,          96,         114,       4727,       1625,       2960,         142,         451.3,          13.3,          88.3,         159.9,         189.8,       7871.2,       2705.9,       4928.9,         236.5
King County Sheriff Office,WA,12,,       1481,          15,         363,         465,         638,      28573,       8538,      17755,       2280,,,,,,,,,
Kitsap County Sheriff Office,WA,12,,         257,           4,          40,          20,         193,       3970,       1269,       2488,         213,,,,,,,,,
Knox County Sheriff Office,TN,12,,         261,           4,          27,          71,         159,       4918,       1856,       2688,         374,,,,,,,,,
Knoxville Police Dept,TN,12,     175444,       1260,          21,          66,         360,         813,       9799,       3700,       4525,       1574,         718.2,          12.0,          37.6,         205.2,         463.4,       5585.3,       2108.9,       2579.2,         897.2
Lafayette Police Dept,LA,12,      86215,         750,           9,          40,         192,         509,       7054,       2136,       4652,         266,         869.9,          10.4,          46.4,         222.7,         590.4,       8181.9,       2477.5,       5395.8,         308.5
Lake County Sheriff Department,IL,12,,,           2,,          24,         167,       2739,         936,       1490,         313,,,,,,,,,
Lakewood,CO,12,     123622,         669,           1,          34,         157,         477,       7936,       1799,       5536,         601,         541.2,            .8,          27.5,         127.0,         385.9,       6419.6,       1455.2,       4478.2,         486.2
Lancaster,CA,12,      66318,         820,           4,          40,         132,         644,       3565,       1046,       1997,         522,       1236.5,           6.0,          60.3,         199.0,         971.1,       5375.6,       1577.2,       3011.2,         787.1
Lansing City Police Dept,MI,12,     131239,       1602,          11,         136,         398,       1057,       8904,       2309,       5910,         685,       1220.7,           8.4,         103.6,         303.3,         805.4,       6784.6,       1759.4,       4503.2,         521.9
Laredo,TX,12,     120027,         763,          15,           8,         178,         562,       9837,       2189,       6860,         788,         635.7,          12.5,           6.7,         148.3,         468.2,       8195.7,       1823.8,       5715.4,         656.5
Las Vegas Metropolitan Police Department,NV,12,     510941,       4024,          54,         363,       1887,       1720,      33437,       8965,      20341,       4131,         787.6,          10.6,          71.0,         369.3,         336.6,       6544.2,       1754.6,       3981.1,         808.5
Lewisville Police Dept,TX,12,      30407,         133,           0,          16,          46,          71,       3969,         886,       2715,         368,         437.4,            .0,          52.6,         151.3,         233.5,      13052.9,       2913.8,       8928.9,       1210.2
Lexington County Sheriff Department,SC,12,,         745,           7,          47,          93,         598,       5566,       1449,       3767,         350,,,,,,,,,
Lincoln Police Dept,NE,12,     185247,         844,           6,          70,          86,         682,      12344,       2115,       9761,         468,         455.6,           3.2,          37.8,          46.4,         368.2,       6663.5,       1141.7,       5269.2,         252.6
Little Rock Police Dept,AR,12,     184506,       3119,          29,         192,         811,       2087,      18794,       5315,      12340,       1139,       1690.5,          15.7,         104.1,         439.6,       1131.1,      10186.1,       2880.7,       6688.1,         617.3
Livingston Parish Sheriff Department,LA,12,,         202,           8,           6,           6,         182,         809,         536,         244,          29,,,,,,,,,
Livingston County Sheriff Department,MI,12,,          46,           0,           9,           4,          33,         912,         232,         653,          27,,,,,,,,,
Long Beach Police Dept,CA,12,     413667,       5153,          58,         218,       2646,       2231,      29508,       7426,      16201,       5881,       1245.7,          14.0,          52.7,         639.6,         539.3,       7133.3,       1795.2,       3916.4,       1421.7
Los Angeles Police Dept,CA,12,   3402342,      66736,         736,       2006,      26182,      37812,     228445,      50988,     120126,      57331,       1961.5,          21.6,          59.0,         769.5,       1111.4,       6714.3,       1498.6,       3530.7,       1685.0
Los Angeles County Sheriff Department,CA,12,,      12331,         157,         373,       3210,       8591,      30696,      10308,      12928,       7460,,,,,,,,,
Loudoun County Sheriff Office,VA,12,,          94,           1,           5,           8,          80,       1385,         218,       1051,         116,,,,,,,,,
Lubbock Police Dept,TX,12,     188749,         997,          24,         106,         327,         540,      16669,       4687,      11200,         782,         528.2,          12.7,          56.2,         173.2,         286.1,       8831.3,       2483.2,       5933.8,         414.3
Macomb County Sheriff Office,MI,12,,          97,           2,          16,          16,          63,       2026,         430,       1372,         224,,,,,,,,,
Madison County Sheriff Department,AL,12,,          74,           4,           5,           6,          59,         486,         176,         282,          28,,,,,,,,,
Madison City Police Dept,WI,12,     179010,         440,           6,          62,         214,         158,      11343,       2063,       8503,         777,         245.8,           3.4,          34.6,         119.5,          88.3,       6336.5,       1152.4,       4750.0,         434.1
Manchester Police Dept,NH,12,     103659,         187,           6,          34,          74,          73,       6837,       1742,       4593,         502,         180.4,           5.8,          32.8,          71.4,          70.4,       6595.7,       1680.5,       4430.9,         484.3
Maricopa County Sheriff Department,AZ,12,,         471,          20,          34,          76,         341,       5933,       1623,       3814,         496,,,,,,,,,
Marion County Sheriff Department,IN,12,,         729,          10,         121,         288,         310,      15451,       3951,      10113,       1387,,,,,,,,,
Maui Police Department,HI,12,,         335,           1,          32,          37,         265,       7223,       1883,       4988,         352,,,,,,,,,
Mcallen Police Dept,TX,12,      86165,         403,           3,          18,          61,         321,       9527,       1593,       7203,         731,         467.7,           3.5,          20.9,          70.8,         372.5,      11056.7,       1848.8,       8359.5,         848.4
Mckinney Police Dept,TX,12,      21345,         218,           2,          11,          23,         182,       1493,         405,       1031,          57,       1021.3,           9.4,          51.5,         107.8,         852.7,       6994.6,       1897.4,       4830.2,         267.0
Memphis Police Dept,TN,12,     668935,       8914,         174,         863,       4462,       3415,      52245,      16293,      22124,      13828,       1332.6,          26.0,         129.0,         667.0,         510.5,       7810.2,       2435.7,       3307.3,       2067.2
Mesa Police Dept,AZ,12,     267642,       1396,          11,         119,         261,       1005,      16127,       3240,      11747,       1140,         521.6,           4.1,          44.5,          97.5,         375.5,       6025.6,       1210.6,       4389.1,         425.9
Mesquite Police Dept,TX,12,      89958,         614,           5,          36,         201,         372,       9574,       2270,       5995,       1309,         682.5,           5.6,          40.0,         223.4,         413.5,      10642.7,       2523.4,       6664.2,       1455.1
Midland Police Dept,TX,12,      94859,         479,           5,          52,          74,         348,       5473,       2039,       3118,         316,         505.0,           5.3,          54.8,          78.0,         366.9,       5769.6,       2149.5,       3287.0,         333.1
Milwaukee Police Dept,WI,12,     611140,       5037,          81,         400,       2111,       2445,      44387,       8787,      28924,       6676,         824.2,          13.3,          65.5,         345.4,         400.1,       7263.0,       1437.8,       4732.8,       1092.4
Minneapolis Police Dept,MN,12,     364745,       5500,          55,         460,       2565,       2420,      34504,       9386,      20004,       5114,       1507.9,          15.1,         126.1,         703.2,         663.5,       9459.8,       2573.3,       5484.4,       1402.1
Mobile County Sheriff Department,AL,9,,         258,           6,          14,          36,         202,       1656,         575,         995,          86,,,,,,,,,
Mobile Police Dept,AL,12,     211206,       3184,          33,         120,         865,       2166,      17419,       9046,       7500,         873,       1507.5,          15.6,          56.8,         409.6,       1025.5,       8247.4,       4283.0,       3551.0,         413.3
Modesto Police Dept,CA,12,     139986,         882,           7,          61,         234,         580,       9544,       2067,       6600,         877,         630.1,           5.0,          43.6,         167.2,         414.3,       6817.8,       1476.6,       4714.8,         626.5
Monroe County Sheriff Department,MI,12,,         211,           2,          35,          23,         151,       2562,         558,       1821,         183,,,,,,,,,
Monroe County Sheriff Office,NY,12,,         103,           4,          19,          39,          41,       5048,         758,       4085,         205,,,,,,,,,
Monterey County Sheriff Department,CA,12,,         392,           2,          29,          44,         317,       2393,         948,       1442,           3,,,,,,,,,
Montgomery Police Dept,AL,12,     194460,         456,          25,          59,         191,         181,      10169,       2340,       7241,         588,         234.5,          12.9,          30.3,          98.2,          93.1,       5229.4,       1203.3,       3723.6,         302.4
Montgomery County Police Department,MD,12,,       1884,          16,         174,         782,         912,      27998,       5363,      19472,       3163,,,,,,,,,
Montgomery County Sheriff Department,TX,12,,         539,          15,          35,          57,         432,       6268,       2370,       3394,         504,,,,,,,,,
Murfreesboro Police Dept,TN,12,      43359,         267,           0,          12,          50,         205,       2339,         531,       1663,         145,         615.8,            .0,          27.7,         115.3,         472.8,       5394.5,       1224.7,       3835.4,         334.4
Naperville Police Dept,IL,12,      62354,,           0,,          16,          37,       1920,         287,       1571,          62,,            .0,,          25.7,          59.3,       3079.2,         460.3,       2519.5,          99.4
Nashville-Davidson Metro Police Dept,TN,12,     502759,       5290,          79,         464,       1954,       2793,      31895,       8866,      20213,       2816,       1052.2,          15.7,          92.3,         388.7,         555.5,       6344.0,       1763.5,       4020.4,         560.1
Nassau County Police Dep,NY,12,,       2021,          21,          86,       1032,         882,      30379,       5866,      17774,       6739,,,,,,,,,
New Castle County Police Department,DE,12,,         545,          13,         133,          71,         328,       6398,       1860,       4049,         489,,,,,,,,,
New Haven Police Dept,CT,12,     125887,       2960,          26,         135,       1325,       1474,      16361,       4725,       8494,       3142,       2351.3,          20.7,         107.2,       1052.5,       1170.9,      12996.6,       3753.4,       6747.3,       2495.9
New Orleans Police Dept,LA,12,     538047,       8923,         228,         403,       4729,       3563,      43537,      12322,      21534,       9681,       1658.4,          42.4,          74.9,         878.9,         662.2,       8091.7,       2290.1,       4002.3,       1799.3
New York City Police Dept,NY,12,   7346352,     162916,       1896,       3412,      86578,      71030,     555567,     127148,     308479,     119940,       2217.6,          25.8,          46.4,       1178.5,         966.9,       7562.5,       1730.8,       4199.1,       1632.6
Newark Police Dept,NJ,12,     319191,       9733,         115,         522,       4424,       4672,      33109,       6408,      12142,      14559,       3049.3,          36.0,         163.5,       1386.0,       1463.7,      10372.8,       2007.6,       3804.0,       4561.2
Newport News Police Dept,VA,12,     165340,         877,          14,          74,         391,         398,       8250,       2263,       5430,         557,         530.4,           8.5,          44.8,         236.5,         240.7,       4989.7,       1368.7,       3284.1,         336.9
Norfolk Police Dept,VA,12,     285180,       2207,          48,         200,       1104,         855,      19922,       4234,      13908,       1780,         773.9,          16.8,          70.1,         387.1,         299.8,       6985.8,       1484.7,       4876.9,         624.2
Norman Police Dept,OK,12,      78943,         156,           6,          33,          34,          83,       4293,       1348,       2609,         336,         197.6,           7.6,          41.8,          43.1,         105.1,       5438.1,       1707.6,       3304.9,         425.6
North Charleston Police Dept,SC,12,      64167,       1013,          11,          67,         318,         617,       6518,       1896,       4102,         520,       1578.7,          17.1,         104.4,         495.6,         961.6,      10157.9,       2954.8,       6392.7,         810.4
North Las Vegas Police Dept,NV,7,      55741,         774,          13,          67,         273,         421,       2602,         888,       1408,         306,,,,,,,,,
Norwalk,CA,12,      94001,         854,           4,          30,         260,         560,       3065,         922,       1412,         731,         908.5,           4.3,          31.9,         276.6,         595.7,       3260.6,         980.8,       1502.1,         777.7
Oakland Police Dept,CA,12,     367782,       6049,         112,         498,       3141,       2298,      40566,      10962,      23661,       5943,       1644.7,          30.5,         135.4,         854.0,         624.8,      11029.9,       2980.6,       6433.4,       1615.9
Oakland County Sheriff Office,MI,12,,         454,           7,          45,          55,         347,       6770,       1625,       4698,         447,,,,,,,,,
Oceanside,CA,12,     104831,       1413,          12,          70,         317,       1014,       6706,       1668,       3862,       1176,       1347.9,          11.4,          66.8,         302.4,         967.3,       6397.0,       1591.1,       3684.0,       1121.8
Odessa Police Dept,TX,12,      96770,         429,           9,          32,          98,         290,      10474,       2458,       7618,         398,         443.3,           9.3,          33.1,         101.3,         299.7,      10823.6,       2540.0,       7872.3,         411.3
Oklahoma City Police Dept,OK,12,     440136,       3986,          60,         377,       1365,       2184,      46331,      14693,      25931,       5707,         905.6,          13.6,          85.7,         310.1,         496.2,      10526.5,       3338.3,       5891.6,       1296.6
Olathe Police Dept,KS,12,      54881,         223,           2,          15,          21,         185,       2826,         541,       2111,         174,         406.3,           3.6,          27.3,          38.3,         337.1,       5149.3,         985.8,       3846.5,         317.0
Omaha Police Dept,NE,12,     377958,       2774,          28,         216,         710,       1820,      21170,       4580,      15185,       1405,         733.9,           7.4,          57.1,         187.9,         481.5,       5601.2,       1211.8,       4017.6,         371.7
Onondaga County Sheriff Department,NY,11,,         168,           1,          31,          35,         101,       2976,         750,       2091,         135,,,,,,,,,
Onslow County Sheriff Department,NC,12,,         317,           3,          14,          35,         265,       2509,         934,       1467,         108,,,,,,,,,
Ontario Police Dept,CA,12,     123062,       1258,           9,          53,         414,         782,       7718,       2279,       4047,       1392,       1022.2,           7.3,          43.1,         336.4,         635.5,       6271.6,       1851.9,       3288.6,       1131.1
Orange County Sheriff Department,CA,12,,         830,          10,          51,         203,         566,      10331,       2829,       6477,       1025,,,,,,,,,
Orange Police Dept,CA,12,     105056,         480,           3,          30,         194,         253,       6240,       1401,       3931,         908,         456.9,           2.9,          28.6,         184.7,         240.8,       5939.7,       1333.6,       3741.8,         864.3
Ottawa County Sheriff Department,MI,12,,         101,           0,          37,           4,          60,       1644,         437,       1129,          78,,,,,,,,,
City Of Overland Park Police Dept,KS,12,     101505,         235,           1,          11,          56,         167,       5136,         931,       3865,         340,         231.5,           1.0,          10.8,          55.2,         164.5,       5059.8,         917.2,       3807.7,         335.0
Oxnard Police Dept,CA,12,     132961,         767,          11,          81,         297,         378,       7049,       1867,       4500,         682,         576.9,           8.3,          60.9,         223.4,         284.3,       5301.6,       1404.2,       3384.5,         512.9
Palmdale,CA,12,      28539,         603,           4,          24,         103,         472,       2132,         689,       1073,         370,       2112.9,          14.0,          84.1,         360.9,       1653.9,       7470.5,       2414.2,       3759.8,       1296.5
Pasadena Police Dept,CA,12,     135599,       1425,          22,          65,         600,         738,       7818,       2074,       4431,       1313,       1050.9,          16.2,          47.9,         442.5,         544.3,       5765.5,       1529.5,       3267.7,         968.3
Pasadena Police Dept,TX,12,     117812,         699,           5,          47,         140,         507,       8375,       2174,       5043,       1158,         593.3,           4.2,          39.9,         118.8,         430.3,       7108.8,       1845.3,       4280.5,         982.9
Paterson Police Dept,NJ,12,     140846,       2689,          17,          73,       1364,       1235,      10757,       3159,       5529,       2069,       1909.2,          12.1,          51.8,         968.4,         876.8,       7637.4,       2242.9,       3925.6,       1469.0
Paulding County Sheriff Department,GA,12,,          65,           0,           6,           3,          56,         837,         390,         349,          98,,,,,,,,,
Peoria Police Dept,AZ,12,      31605,          88,           0,           7,          10,          71,       1948,         609,       1261,          78,         278.4,            .0,          22.1,          31.6,         224.6,       6163.6,       1926.9,       3989.9,         246.8
Peoria Police Dept,IL,12,     108841,,           2,,         228,       1019,       9061,       2770,       5878,         413,,           1.8,,         209.5,         936.2,       8325.0,       2545.0,       5400.5,         379.5
Philadelphia Police Dept,PA,12,   1657285,      17082,         374,         912,       8858,       6938,      82877,      20304,      42315,      20258,       1030.7,          22.6,          55.0,         534.5,         418.6,       5000.8,       1225.1,       2553.3,       1222.4
Phoenix Police Dept,AZ,12,     951717,       8477,         106,         445,       2518,       5408,      78603,      20841,      51147,       6615,         890.7,          11.1,          46.8,         264.6,         568.2,       8259.1,       2189.8,       5374.2,         695.1
Pierce County Sheriff Department,WA,12,,       1538,          22,         248,         427,         841,      16267,       6300,       9029,         938,,,,,,,,,
Pima County Sheriff Department,AZ,12,,         749,          24,          73,         102,         550,      10594,       2233,       7785,         576,,,,,,,,,
Pinal County Sheriff Department,AZ,12,,         266,          14,          13,          29,         210,       1348,         464,         767,         117,,,,,,,,,
Pittsburgh,PA,12,     387190,       4118,          19,         234,       2537,       1328,      27640,       7444,      10973,       9223,       1063.6,           4.9,          60.4,         655.2,         343.0,       7138.6,       1922.6,       2834.0,       2382.0
Placer County Sheriff Department,CA,12,,         291,           9,          19,          27,         236,       2521,         971,       1543,           7,,,,,,,,,
Plano Police Dept,TX,12,     115213,         192,           2,          18,          79,          93,       6010,       1566,       4021,         423,         166.6,           1.7,          15.6,          68.6,          80.7,       5216.4,       1359.2,       3490.1,         367.1
Pomona Police Dept,CA,12,     120610,       2130,          28,          54,         745,       1303,       6963,       2138,       3446,       1379,       1766.0,          23.2,          44.8,         617.7,       1080.3,       5773.2,       1772.7,       2857.1,       1143.4
Portland Police Dept,OR,12,     387659,       8686,          45,         372,       3632,       4637,      58995,      15236,      35601,       8158,       2240.6,          11.6,          96.0,         936.9,       1196.2,      15218.3,       3930.3,       9183.6,       2104.4
Prince Georges County Police Department,MD,12,,       6014,          94,         383,       2544,       2993,      35571,       8643,      18108,       8820,,,,,,,,,
Prince William County Police Department,VA,12,,         408,           8,          51,         122,         227,       7127,       1446,       5080,         601,,,,,,,,,
Providence Police Dept,RI,12,     161081,       1796,          21,         130,         752,         893,      16294,       4504,       7921,       3869,       1115.0,          13.0,          80.7,         466.8,         554.4,      10115.4,       2796.1,       4917.4,       2401.9
Provo Police Dept,UT,12,      78390,         177,           0,          19,          15,         143,       2937,         566,       2257,         114,         225.8,            .0,          24.2,          19.1,         182.4,       3746.7,         722.0,       2879.2,         145.4
Pueblo Police Dept,CO,12,     101288,       1131,           3,          74,         145,         909,       6844,       1545,       4962,         337,       1116.6,           3.0,          73.1,         143.2,         897.4,       6757.0,       1525.4,       4898.9,         332.7
Raleigh Police Dept,NC,12,     188308,       1177,          11,          65,         335,         766,      11327,       2742,       7860,         725,         625.0,           5.8,          34.5,         177.9,         406.8,       6015.1,       1456.1,       4174.0,         385.0
Rancho Cucamonga,CA,12,      81553,         397,           5,          25,          81,         286,       3252,         993,       1773,         486,         486.8,           6.1,          30.7,          99.3,         350.7,       3987.6,       1217.6,       2174.0,         595.9
Reno Police Dept,NV,12,     120076,       1159,          14,         151,         464,         530,       9514,       2266,       6471,         777,         965.2,          11.7,         125.8,         386.4,         441.4,       7923.3,       1887.1,       5389.1,         647.1
Rialto Police Dept,CA,12,      57903,         507,           7,          16,         221,         263,       3611,       1130,       1809,         672,         875.6,          12.1,          27.6,         381.7,         454.2,       6236.3,       1951.5,       3124.2,       1160.6
Richardson Police Dept,TX,12,      79306,         200,           4,          13,          76,         107,       4591,       1234,       3063,         294,         252.2,           5.0,          16.4,          95.8,         134.9,       5789.0,       1556.0,       3862.3,         370.7
Richland County Sheriff Department,SC,12,,       1834,          14,         126,         403,       1291,       6472,       2220,       3265,         987,,,,,,,,,
Richmond Police Dept,CA,12,      81458,       2489,          31,         102,         631,       1725,       9383,       2639,       5434,       1310,       3055.6,          38.1,         125.2,         774.6,       2117.7,      11518.8,       3239.7,       6670.9,       1608.2
Richmond,GA,12,,         955,          19,          71,         504,         361,       7913,       2710,       4506,         697,,,,,,,,,
Richmond (City) Bureau Of Police,VA,12,     219979,       2584,          99,         202,         982,       1301,      17530,       4773,      10554,       2203,       1174.7,          45.0,          91.8,         446.4,         591.4,       7968.9,       2169.8,       4797.7,       1001.5
Riverside County Sheriff Department,CA,12,,       5186,          50,         152,         673,       4311,      28732,       9875,      14308,       4549,,,,,,,,,
Riverside Police Dept,CA,12,     212616,       2635,          13,         114,         750,       1758,      15318,       4746,       8500,       2072,       1239.3,           6.1,          53.6,         352.7,         826.8,       7204.5,       2232.2,       3997.8,         974.5
Rochester Police Dept,MN,12,      59139,          75,           1,          12,          15,          47,       3128,         541,       2489,          98,         126.8,           1.7,          20.3,          25.4,          79.5,       5289.2,         914.8,       4208.7,         165.7
Rochester Police Dept,NY,12,     235877,       2061,          36,         212,         960,         853,      22383,       5424,      15547,       1412,         873.8,          15.3,          89.9,         407.0,         361.6,       9489.3,       2299.5,       6591.1,         598.6
Rockford Police Dept,IL,12,     135897,,          19,,         501,         655,      11898,       4051,       7321,         526,,          14.0,,         368.7,         482.0,       8755.2,       2980.9,       5387.2,         387.1
Roseville Police Dept,CA,12,      31420,         205,           2,          10,          51,         142,       2416,         512,       1690,         214,         652.5,           6.4,          31.8,         162.3,         451.9,       7689.4,       1629.5,       5378.7,         681.1
Round Rock Police Dept,TX,12,      23388,         125,           0,          30,           7,          88,       1449,         335,       1065,          49,         534.5,            .0,         128.3,          29.9,         376.3,       6195.5,       1432.4,       4553.6,         209.5
Sacramento County Sheriff Department,CA,12,,       3524,          30,         236,       1163,       2095,      34070,       8818,      20805,       4447,,,,,,,,,
Sacramento Police Dept,CA,12,     340483,       3582,          68,         188,       1612,       1714,      31561,       7701,      18086,       5774,       1052.0,          20.0,          55.2,         473.4,         503.4,       9269.5,       2261.8,       5311.9,       1695.8
St. Charles County Sheriff Department,MO,12,,         135,           0,           8,          11,         116,       1661,         486,       1062,         113,,,,,,,,,
St. Joseph County Sheriff Department,IN,12,,          50,           1,          14,          17,          18,       2115,         455,       1548,         112,,,,,,,,,
St. Louis Police Dept,MO,12,     425187,      10481,         140,         305,       3327,       6709,      46734,      12541,      26735,       7458,       2465.0,          32.9,          71.7,         782.5,       1577.9,      10991.4,       2949.5,       6287.8,       1754.1
Saint Louis County Police Dept.,MO,12,,       1174,          15,          64,         216,         879,      13567,       3286,       9351,         930,,,,,,,,,
St. Marys County Sheriff Department,MD,12,,         267,           3,          14,          22,         228,       1603,         532,         956,         115,,,,,,,,,
St. Paul Police Dept,MN,12,     267945,       2468,          17,         237,         787,       1427,      18044,       5160,      11096,       1788,         921.1,           6.3,          88.5,         293.7,         532.6,       6734.2,       1925.8,       4141.1,         667.3
Salem Police Dept,OR,12,      95741,         288,           4,          46,         179,          59,       9370,       2059,       6737,         574,         300.8,           4.2,          48.0,         187.0,          61.6,       9786.8,       2150.6,       7036.7,         599.5
Salinas Police Dept,CA,12,      99720,         997,           4,          54,         217,         722,       6867,       1468,       4975,         424,         999.8,           4.0,          54.2,         217.6,         724.0,       6886.3,       1472.1,       4989.0,         425.2
Salt Lake City Police Dept,UT,12,     162005,       1036,          15,          90,         487,         444,      20728,       3594,      16202,         932,         639.5,           9.3,          55.6,         300.6,         274.1,      12794.7,       2218.5,      10000.9,         575.3
Salt Lake County Sheriff Office,UT,12,,         795,           6,          30,         111,         648,      15103,       2518,      12117,         468,,,,,,,,,
San Antonio Police Dept,TX,12,     935729,       5273,         143,         535,       2859,       1736,     111500,      27673,      70626,      13201,         563.5,          15.3,          57.2,         305.5,         185.5,      11915.8,       2957.4,       7547.7,       1410.8
San Bernardino County Sheriff Department,CA,12,,       4261,          52,         137,         448,       3624,      18664,       7775,       8472,       2417,,,,,,,,,
San Bernardino Police Dept,CA,12,     149220,       2627,          41,          81,       1130,       1375,      14945,       4226,       8340,       2379,       1760.5,          27.5,          54.3,         757.3,         921.5,      10015.4,       2832.1,       5589.1,       1594.3
San Diego County Sheriff Department,CA,12,,       2973,          42,         132,         629,       2170,      22814,       8279,      10152,       4383,,,,,,,,,
San Diego Police Dept,CA,12,   1073466,       9171,         144,         389,       3204,       5434,      87585,      17536,      45923,      24126,         854.3,          13.4,          36.2,         298.5,         506.2,       8159.1,       1633.6,       4278.0,       2247.5
San Francisco Police Dept,CA,12,     753927,       9667,          92,         453,       4867,       4255,      56388,      10148,      36662,       9578,       1282.2,          12.2,          60.1,         645.6,         564.4,       7479.2,       1346.0,       4862.8,       1270.4
San Joaquin County Sheriff Department,CA,12,,         550,          18,          56,         171,         305,       6214,       2626,       3588,           0,,,,,,,,,
San Jose Police Dept,CA,12,     732022,       4689,          37,         438,         948,       3266,      33717,       6560,      23118,       4039,         640.6,           5.1,          59.8,         129.5,         446.2,       4606.0,         896.1,       3158.1,         551.8
San Luis Obispo County Sheriff Department,CA,12,,         199,           0,          24,          17,         158,       1425,         508,         917,           0,,,,,,,,,
San Mateo County Sheriff Department,CA,12,,         273,           2,          16,          41,         214,       3366,       1147,       1751,         468,,,,,,,,,
Santa Ana Police Dept,CA,12,     246925,       2021,          38,          89,       1041,         853,      18926,       3589,      11503,       3834,         818.5,          15.4,          36.0,         421.6,         345.4,       7664.7,       1453.5,       4658.5,       1552.7
Santa Barbara County Sheriff Department,CA,12,,         519,          10,          48,          49,         412,       4412,       1088,       3294,          30,,,,,,,,,
Santa Clara Police Dept,CA,12,      91041,         365,           5,          42,          74,         244,       4429,         868,       3171,         390,         400.9,           5.5,          46.1,          81.3,         268.0,       4864.8,         953.4,       3483.0,         428.4
Santa Cruz County Sheriff Department,CA,12,,         281,           7,          32,          45,         197,       2909,       1137,       1761,          11,,,,,,,,,
Santa Maria Police Dept,CA,12,      52437,         372,           6,          26,          79,         261,       4323,       1021,       3046,         256,         709.4,          11.4,          49.6,         150.7,         497.7,       8244.2,       1947.1,       5808.9,         488.2
Santa Rosa Police Dept,CA,12,     102391,         399,           5,          45,         135,         214,       6336,       1498,       4273,         565,         389.7,           4.9,          43.9,         131.8,         209.0,       6188.0,       1463.0,       4173.2,         551.8
Saratoga County Sheriff Department,NY,12,,          68,           1,           6,           2,          59,         870,         303,         526,          41,,,,,,,,,
Savannah Police Dept,GA,12,     151288,         968,          19,          94,         508,         347,      10214,       2836,       6905,         473,         639.8,          12.6,          62.1,         335.8,         229.4,       6751.4,       1874.6,       4564.1,         312.6
Scottsdale Police Dept,AZ,12,     118306,         245,           8,          24,          60,         153,       6757,       1214,       5127,         416,         207.1,           6.8,          20.3,          50.7,         129.3,       5711.5,       1026.2,       4333.7,         351.6
Seattle Police Dept,WA,12,     505380,       6879,          56,         439,       2709,       3675,      65815,      16880,      43196,       5739,       1361.2,          11.1,          86.9,         536.0,         727.2,      13022.9,       3340.1,       8547.2,       1135.6
Shelby County Sheriff Office,TN,12,,         311,           4,          76,          79,         152,       4993,       1656,       2616,         721,,,,,,,,,
Shreveport Police Dept,LA,12,     217495,       2216,          29,         144,         802,       1241,      20824,       6287,      13689,         848,       1018.9,          13.3,          66.2,         368.7,         570.6,       9574.5,       2890.6,       6293.9,         389.9
Simi Valley Police Dept,CA,12,      94271,         254,           2,          13,          51,         188,       2938,         836,       1728,         374,         269.4,           2.1,          13.8,          54.1,         199.4,       3116.5,         886.8,       1833.0,         396.7
Sioux Falls Police Dept,SD,12,      98986,         235,           4,          63,          25,         143,       4250,         807,       3264,         179,         237.4,           4.0,          63.6,          25.3,         144.5,       4293.5,         815.3,       3297.4,         180.8
Snohomish County Sheriff Office,WA,12,,         395,          11,          60,          59,         265,       6937,       2917,       3532,         488,,,,,,,,,
Sonoma County Sheriff Department,CA,12,,         478,           9,          44,          79,         346,       4274,       1752,       2480,          42,,,,,,,,,
South Bend Police Dept,IN,12,     108481,         724,          15,         103,         351,         255,      10691,       3051,       7096,         544,         667.4,          13.8,          94.9,         323.6,         235.1,       9855.2,       2812.5,       6541.2,         501.5
Spartanburg County Sheriff Office,SC,12,,       1038,          15,          79,         171,         773,       7477,       2122,       4884,         471,,,,,,,,,
Spokane County Sheriff Department,WA,12,,         193,           4,          33,          48,         108,       7189,       2331,       4456,         402,,,,,,,,,
Spokane Police Dept,WA,12,     175176,       1134,          10,          84,         416,         624,      15412,       4884,       9784,         744,         647.3,           5.7,          48.0,         237.5,         356.2,       8798.0,       2788.1,       5585.2,         424.7
Spotsylvania County Sheriff Office,VA,12,,          41,           0,           2,          17,          22,       1767,         278,       1358,         131,,,,,,,,,
Springfield Police Dept,IL,12,     100177,,           7,,         232,         588,       6938,       1842,       4847,         249,,           7.0,,         231.6,         587.0,       6925.7,       1838.7,       4838.4,         248.6
Springfield Police Dept,MA,12,     149842,       2596,          10,         130,         638,       1818,       9413,       3694,       3892,       1827,       1732.5,           6.7,          86.8,         425.8,       1213.3,       6282.0,       2465.3,       2597.4,       1219.3
Springfield Police Dept,MO,12,     141762,         514,           5,          67,         137,         305,      10763,       2274,       8045,         444,         362.6,           3.5,          47.3,          96.6,         215.1,       7592.3,       1604.1,       5675.0,         313.2
St. Tammany Parish Sheriff Department,LA,12,,         339,           5,          29,          28,         277,       3338,       1167,       1983,         188,,,,,,,,,
Stafford County Sheriff Office,VA,12,,          41,           1,           7,          14,          19,         929,         199,         654,          76,,,,,,,,,
Stamford Police Dept,CT,12,     101630,         525,           6,          13,         204,         302,       6071,       1458,       3811,         802,         516.6,           5.9,          12.8,         200.7,         297.2,       5973.6,       1434.6,       3749.9,         789.1
Stanislaus County Sheriff Department,CA,12,,         938,           7,          47,         121,         763,       3977,       1821,       2137,          19,,,,,,,,,
Stark County Sheriff Office,OH,12,,         206,           1,          12,          95,          98,       2502,         929,       1351,         222,,,,,,,,,
Sterling Heights Police Dept,MI,12,     114838,         327,           2,          37,          51,         237,       4926,         881,       3370,         675,         284.7,           1.7,          32.2,          44.4,         206.4,       4289.5,         767.2,       2934.6,         587.8
Stockton Police Dept,CA,12,     191444,       2050,          41,         115,       1076,         818,      18746,       4866,      11974,       1906,       1070.8,          21.4,          60.1,         562.0,         427.3,       9791.9,       2541.7,       6254.6,         995.6
Suffolk County Police Department,NY,10,,       2984,          31,         130,       1110,       1713,      38360,       8765,      25095,       4500,,,,,,,,,
Sunnyvale Dept Of Public Safety,CA,12,     115270,         274,          10,          26,         104,         134,       3839,         554,       2877,         408,         237.7,           8.7,          22.6,          90.2,         116.2,       3330.4,         480.6,       2495.9,         354.0
Surprise Police Dept,AZ,12,       4322,           3,           1,           0,           0,           2,          88,          23,          60,           5,          69.4,          23.1,            .0,            .0,          46.3,       2036.1,         532.2,       1388.2,         115.7
Syracuse Police Dept,NY,12,     160353,       1366,          16,         103,         537,         710,      10894,       3649,       6707,         538,         851.9,          10.0,          64.2,         334.9,         442.8,       6793.8,       2275.6,       4182.6,         335.5
Tacoma Police Dept,WA,12,     165234,       2781,          33,         279,       1104,       1365,      20822,       6123,      13170,       1529,       1683.1,          20.0,         168.9,         668.1,         826.1,      12601.5,       3705.7,       7970.5,         925.4
Tempe Police Dept,AZ,12,     145280,         713,           9,          51,         202,         451,      10864,       1659,       8409,         796,         490.8,           6.2,          35.1,         139.0,         310.4,       7478.0,       1141.9,       5788.1,         547.9
Thornton Police Dept,CO,12,      50264,          71,           2,          20,          32,          17,       3069,         765,       2051,         253,         141.3,           4.0,          39.8,          63.7,          33.8,       6105.8,       1522.0,       4080.5,         503.3
Thousand Oaks,CA,9,     100815,         188,           3,          15,          38,         132,       1786,         496,       1128,         162,,,,,,,,,
Thurston County Sheriff Department,WA,12,,         194,           4,          37,          21,         132,       3091,       1087,       1834,         170,,,,,,,,,
Toledo Police Dept,OH,6,     345926,       1597,          10,         202,         658,         727,      13026,       3437,       8129,       1460,,,,,,,,,
Topeka Police Dept,KS,12,     120252,         888,           7,          55,         252,         574,      10585,       2900,       7270,         415,         738.4,           5.8,          45.7,         209.6,         477.3,       8802.3,       2411.6,       6045.6,         345.1
Torrance Police Dept,CA,12,     141518,         775,           3,          30,         362,         380,       6368,       1405,       3700,       1263,         547.6,           2.1,          21.2,         255.8,         268.5,       4499.8,         992.8,       2614.5,         892.5
Travis County Sheriff Department,TX,12,,         325,          10,          62,          37,         216,       4782,       1978,       2549,         255,,,,,,,,,
Tucson Police Dept,AZ,12,     383174,       3527,          31,         281,         768,       2447,      45172,       8230,      34878,       2064,         920.5,           8.1,          73.3,         200.4,         638.6,      11788.9,       2147.8,       9102.4,         538.7
Tulare County Sheriff Department,CA,12,,         940,          16,          51,         105,         768,       4337,       1339,       2998,           0,,,,,,,,,
Tulsa Police Dept,OK,12,     373602,       3462,          35,         260,       1008,       2159,      31837,       9648,      16280,       5909,         926.7,           9.4,          69.6,         269.8,         577.9,       8521.6,       2582.4,       4357.6,       1581.6
Tyler Police Dept,TX,12,      75665,         601,          14,          84,         148,         355,       8697,       2289,       5933,         475,         794.3,          18.5,         111.0,         195.6,         469.2,      11494.1,       3025.2,       7841.1,         627.8
Union County Sheriff Office,NC,11,,          62,           3,           5,           5,          49,       1164,         542,         568,          54,,,,,,,,,
Vallejo Police Dept,CA,12,      98794,       1203,          13,          52,         495,         643,       7575,       2152,       4247,       1176,       1217.7,          13.2,          52.6,         501.0,         650.8,       7667.5,       2178.3,       4298.8,       1190.4
Vancouver Police Dept,WA,12,      45621,         303,           2,          47,          73,         181,       3404,         951,       2102,         351,         664.2,           4.4,         103.0,         160.0,         396.7,       7461.5,       2084.6,       4607.5,         769.4
Ventura Police Dept,CA,12,      89726,         365,           3,          29,         139,         194,       4438,       1157,       2954,         327,         406.8,           3.3,          32.3,         154.9,         216.2,       4946.2,       1289.5,       3292.2,         364.4
Victorville,CA,12,      24641,         521,           5,          25,         111,         380,       2672,         757,       1488,         427,       2114.4,          20.3,         101.5,         450.5,       1542.1,      10843.7,       3072.1,       6038.7,       1732.9
Virginia Beach Police Dept,VA,12,     355562,         717,          27,         108,         327,         255,      18622,       3808,      13995,         819,         201.7,           7.6,          30.4,          92.0,          71.7,       5237.3,       1071.0,       3936.0,         230.3
Visalia Police Dept,CA,12,      63613,         434,           3,          18,         133,         280,       4706,       1181,       3256,         269,         682.3,           4.7,          28.3,         209.1,         440.2,       7397.9,       1856.5,       5118.5,         422.9
City Of Waco Police Dept,TX,12,     106197,       1028,          14,          94,         311,         609,      12690,       4128,       7931,         631,         968.0,          13.2,          88.5,         292.9,         573.5,      11949.5,       3887.1,       7468.2,         594.2
Wake County Sheriff Department,NC,12,,         177,           2,          41,          34,         100,       2673,       1165,       1328,         180,,,,,,,,,
Warren Police Dept,MI,12,     153650,         700,           7,          57,         258,         378,       8743,       1737,       4968,       2038,         455.6,           4.6,          37.1,         167.9,         246.0,       5690.2,       1130.5,       3233.3,       1326.4
Washington Metropolitan Police Dept,DC,12,     620000,      11913,         369,         165,       5689,       5690,      49510,      12295,      28582,       8633,       1921.5,          59.5,          26.6,         917.6,         917.7,       7985.5,       1983.1,       4610.0,       1392.4
Washington County Sheriff Department,MD,12,,          45,           0,           6,           5,          34,         697,         178,         490,          29,,,,,,,,,
Washington County Sheriff Office,OR,12,,         133,           1,          25,          69,          38,       4520,       1580,       2541,         399,,,,,,,,,
Washoe County Sheriff Office,NV,12,,         336,           4,          50,          26,         256,       1694,         573,         982,         139,,,,,,,,,
Washtenaw County Sheriff Department,MI,12,,         437,           6,          38,         119,         274,       3425,         872,       2220,         333,,,,,,,,,
Waterbury Police Dept,CT,12,     104319,         566,          11,          28,         337,         190,       8433,       2426,       5102,         905,         542.6,          10.5,          26.8,         323.0,         182.1,       8083.9,       2325.6,       4890.8,         867.5
West Covina Police Dept,CA,12,     101141,         544,           2,          26,         261,         255,       5531,       1134,       2839,       1558,         537.9,           2.0,          25.7,         258.1,         252.1,       5468.6,       1121.2,       2807.0,       1540.4
West Jordan Police Dept,UT,12,      45439,          22,           0,           1,           7,          14,       1946,         307,       1567,          72,          48.4,            .0,           2.2,          15.4,          30.8,       4282.7,         675.6,       3448.6,         158.5
West Valley Police Dept,UT,12,      92812,         258,           2,          30,          54,         172,       6171,       1017,       4829,         325,         278.0,           2.2,          32.3,          58.2,         185.3,       6648.9,       1095.8,       5203.0,         350.2
Westminster Police Dept,CO,12,      67336,         258,           3,          19,          53,         183,       4437,       1037,       3079,         321,         383.2,           4.5,          28.2,          78.7,         271.8,       6589.3,       1540.0,       4572.6,         476.7
Wichita Police Dept,KS,12,     292733,       1655,          15,         238,         628,         774,      21997,       5671,      14916,       1410,         565.4,           5.1,          81.3,         214.5,         264.4,       7514.4,       1937.3,       5095.4,         481.7
Wichita Falls Police Dept,TX,12,      98809,         724,          15,          67,         258,         384,       9491,       2811,       6074,         606,         732.7,          15.2,          67.8,         261.1,         388.6,       9605.4,       2844.9,       6147.2,         613.3
Will County Sheriff Department,IL,12,,,           6,,          51,         242,       2930,         965,       1731,         234,,,,,,,,,
Williamson County Sheriff Department,TX,12,,          88,           1,          16,          12,          59,       1541,         497,         952,          92,,,,,,,,,
Wilmington Police Dept,NC,12,      56465,         467,           5,          38,         186,         238,       5911,       1844,       3805,         262,         827.1,           8.9,          67.3,         329.4,         421.5,      10468.4,       3265.7,       6738.7,         464.0
Winston-Salem Police Dept,NC,12,     153434,       2163,          18,         150,         465,       1530,      11732,       3574,       7391,         767,       1409.7,          11.7,          97.8,         303.1,         997.2,       7646.3,       2329.3,       4817.1,         499.9
Woodbridge Police Dept,NJ,12,      95205,         182,           2,          21,          50,         109,       4705,         674,       2862,       1169,         191.2,           2.1,          22.1,          52.5,         114.5,       4942.0,         707.9,       3006.1,       1227.9
Worcester Police Dept,MA,12,     159124,       1464,          11,          91,         422,         940,      10572,       3378,       6022,       1172,         920.0,           6.9,          57.2,         265.2,         590.7,       6643.9,       2122.9,       3784.5,         736.5
Wright County Sheriff Department,MN,12,,          34,           2,           7,           3,          22,       1202,         268,         834,         100,,,,,,,,,
Yonkers Police Dept,NY,12,     187113,         915,           9,          30,         642,         234,      10198,       2237,       5991,       1970,         489.0,           4.8,          16.0,         343.1,         125.1,       5450.2,       1195.5,       3201.8,       1052.8
York County Sheriff Department,SC,12,,         379,           6,          22,          56,         295,       3225,       1151,       1894,         180,,,,,,,,,
